,Date,Bidding Session,Category,Quota,Successful Bids,Received Bids,Premium,PQP,Population,Number of Registered,Number of Deregistered,Year,Month
0,2014-01,1,A,364,361,623,72369,76109,341519,844,1011,2014,1
1,2014-01,2,A,368,364,724,72290,76109,341519,844,1011,2014,1
2,2014-01,1,B,386,377,581,78700,82333,279902,1224,927,2014,1
3,2014-01,2,B,393,388,512,79000,82333,279902,1224,927,2014,1
4,2014-01,1,C,258,252,337,48889,58989,154144,432,711,2014,1
5,2014-01,2,C,264,249,356,50001,58989,154144,432,711,2014,1
6,2014-01,1,D,489,487,542,1989,1797,144631,1017,760,2014,1
7,2014-01,2,D,503,503,796,2704,1797,144631,1017,760,2014,1
8,2014-02,1,A,362,356,719,71564,73237,341169,754,1104,2014,2
9,2014-02,2,A,362,358,700,77201,73237,341169,754,1104,2014,2
10,2014-02,1,B,360,360,523,75300,78382,280081,1105,926,2014,2
11,2014-02,2,B,355,353,519,78604,78382,280081,1105,926,2014,2
12,2014-02,1,C,267,264,364,51002,51418,153906,594,832,2014,2
13,2014-02,2,C,277,273,392,52890,51418,153906,594,832,2014,2
14,2014-02,1,D,361,353,550,3051,1952,144692,729,668,2014,2
15,2014-02,2,D,360,359,478,3501,1952,144692,729,668,2014,2
16,2014-03,1,A,365,356,615,76999,73431,340645,806,1330,2014,3
17,2014-03,2,A,362,360,577,78602,73431,340645,806,1330,2014,3
18,2014-03,1,B,350,337,499,80710,76719,279927,1154,1308,2014,3
19,2014-03,2,B,353,352,524,82900,76719,279927,1154,1308,2014,3
20,2014-03,1,C,265,262,439,56302,50316,153131,925,1700,2014,3
21,2014-03,2,C,266,256,356,53891,50316,153131,925,1700,2014,3
22,2014-03,1,D,368,340,483,4001,2474,144493,597,796,2014,3
23,2014-03,2,D,360,355,449,4289,2474,144493,597,796,2014,3
24,2014-04,1,A,367,360,537,77400,74838,340066,768,1347,2014,4
25,2014-04,2,A,361,357,513,71335,74838,340066,768,1347,2014,4
26,2014-04,1,B,363,363,523,84504,79203,279823,964,1068,2014,4
27,2014-04,2,B,351,349,486,75010,79203,279823,964,1068,2014,4
28,2014-04,1,C,265,261,303,49503,52163,152579,715,1267,2014,4
29,2014-04,2,C,272,266,392,32890,52163,152579,715,1267,2014,4
30,2014-04,1,D,388,388,520,4489,3256,144327,576,742,2014,4
31,2014-04,2,D,365,350,492,4502,3256,144327,576,742,2014,4
32,2014-05,1,A,513,512,676,60002,75517,339700,905,1271,2014,5
33,2014-05,2,A,509,506,997,65689,75517,339700,905,1271,2014,5
34,2014-05,1,B,483,472,778,70002,79505,279944,1222,1101,2014,5
35,2014-05,2,B,484,477,716,68103,79505,279944,1222,1101,2014,5
36,2014-05,1,C,389,389,715,36301,49413,152779,790,590,2014,5
37,2014-05,2,C,392,386,709,40889,49413,152779,790,590,2014,5
38,2014-05,1,D,343,340,445,4001,3973,144278,588,637,2014,5
39,2014-05,2,D,358,316,492,4003,3973,144278,588,637,2014,5
40,2014-06,1,A,507,499,1040,63190,71672,339372,963,1291,2014,6
41,2014-06,2,A,509,506,1040,61899,71672,339372,963,1291,2014,6
42,2014-06,1,B,494,484,807,67304,76872,280254,1437,1127,2014,6
43,2014-06,2,B,490,475,716,65700,76872,280254,1437,1127,2014,6
44,2014-06,1,C,385,378,617,43001,44963,153116,1053,716,2014,6
45,2014-06,2,C,391,385,597,42001,44963,153116,1053,716,2014,6
46,2014-06,1,D,346,346,449,4089,4215,144254,619,643,2014,6
47,2014-06,2,D,385,381,503,3890,4215,144254,619,643,2014,6
48,2014-07,1,A,513,511,1075,61990,66586,338802,937,1507,2014,7
49,2014-07,2,A,509,505,1190,62890,66586,338802,937,1507,2014,7
50,2014-07,1,B,493,491,812,64889,71771,280349,1312,1217,2014,7
51,2014-07,2,B,498,497,850,65001,71771,280349,1312,1217,2014,7
52,2014-07,1,C,392,383,653,43390,40765,153602,1437,951,2014,7
53,2014-07,2,C,391,391,779,52010,40765,153602,1437,951,2014,7
54,2014-07,1,D,344,343,415,4001,4163,144232,711,733,2014,7
55,2014-07,2,D,347,341,410,4252,4163,144232,711,733,2014,7
56,2014-08,1,A,574,574,1086,64600,62610,338468,1081,1415,2014,8
57,2014-08,2,A,575,574,994,65710,62610,338468,1081,1415,2014,8
58,2014-08,1,B,507,501,1090,68689,66834,280602,1477,1224,2014,8
59,2014-08,2,B,506,502,1137,72990,66834,280602,1477,1224,2014,8
60,2014-08,1,C,267,267,519,54009,42932,153830,1390,1162,2014,8
61,2014-08,2,C,257,254,427,52390,42932,153830,1390,1162,2014,8
62,2014-08,1,D,316,315,360,4353,4040,144248,689,673,2014,8
63,2014-08,2,D,322,317,361,4354,4040,144248,689,673,2014,8
64,2014-09,1,A,572,568,813,64841,63380,337849,1256,1875,2014,9
65,2014-09,2,A,573,573,792,62000,63380,337849,1256,1875,2014,9
66,2014-09,1,B,511,511,909,73010,67429,280968,1678,1312,2014,9
67,2014-09,2,B,509,507,785,71990,67429,280968,1678,1312,2014,9
68,2014-09,1,C,258,256,429,49901,47801,154187,1199,842,2014,9
69,2014-09,2,C,261,252,437,49889,47801,154187,1199,842,2014,9
70,2014-09,1,D,316,316,382,4453,4157,144486,862,624,2014,9
71,2014-09,2,D,320,318,394,4504,4157,144486,862,624,2014,9
72,2014-10,1,A,575,570,1097,63880,63672,337030,1261,2080,2014,10
73,2014-10,2,A,572,569,1092,63990,63672,337030,1261,2080,2014,10
74,2014-10,1,B,505,501,852,72180,69429,281022,1487,1433,2014,10
75,2014-10,2,B,507,506,822,72002,69429,281022,1487,1433,2014,10
76,2014-10,1,C,259,257,516,57389,50265,154557,1548,1178,2014,10
77,2014-10,2,C,267,266,416,61000,50265,154557,1548,1178,2014,10
78,2014-10,1,D,316,316,502,4800,4320,144386,531,631,2014,10
79,2014-10,2,D,317,310,431,4412,4320,144386,531,631,2014,10
80,2014-11,1,A,703,692,1196,64900,64171,336231,1269,2068,2014,11
81,2014-11,2,A,701,694,1144,67889,64171,336231,1269,2068,2014,11
82,2014-11,1,B,574,559,832,70890,71811,281213,1640,1449,2014,11
83,2014-11,2,B,570,560,900,72890,71811,281213,1640,1449,2014,11
84,2014-11,1,C,143,143,257,63701,54097,154627,1152,1082,2014,11
85,2014-11,2,C,142,134,260,65001,54097,154627,1152,1082,2014,11
86,2014-11,1,D,316,315,380,4290,4480,144332,538,592,2014,11
87,2014-11,2,D,324,322,389,4189,4480,144332,538,592,2014,11
88,2014-12,1,A,709,703,996,67089,64584,335450,1482,2263,2014,12
89,2014-12,2,A,705,699,868,65889,64584,335450,1482,2263,2014,12
90,2014-12,1,B,584,582,873,74389,72161,281083,1589,1719,2014,12
91,2014-12,2,B,579,572,755,74000,72161,281083,1589,1719,2014,12
92,2014-12,1,C,141,126,196,60001,57814,154524,734,837,2014,12
93,2014-12,2,C,149,149,268,52100,57814,154524,734,837,2014,12
94,2014-12,1,D,318,314,392,4210,4442,144467,688,553,2014,12
95,2014-12,2,D,319,270,367,4312,4442,144467,688,553,2014,12
96,2015-01,1,A,704,698,940,66010,65607,333823,1547,3174,2015,1
97,2015-01,2,A,705,703,1068,65001,65607,333823,1547,3174,2015,1
98,2015-01,1,B,571,570,833,75289,72726,280960,1972,2095,2015,1
99,2015-01,2,B,576,576,915,76889,72726,280960,1972,2095,2015,1
100,2015-01,1,C,156,155,296,55011,59866,154428,738,834,2015,1
101,2015-01,2,C,140,139,247,55012,59866,154428,738,834,2015,1
102,2015-01,1,D,321,319,374,4403,4369,144444,670,693,2015,1
103,2015-01,2,D,366,360,509,4889,4369,144444,670,693,2015,1
104,2015-02,1,A,992,991,1295,62002,66130,332987,1306,2142,2015,2
105,2015-02,2,A,988,988,1294,57199,66130,332987,1306,2142,2015,2
106,2015-02,1,B,724,723,959,70890,74058,281075,1589,1474,2015,2
107,2015-02,2,B,722,721,1037,66751,74058,281075,1589,1474,2015,2
108,2015-02,1,C,185,183,311,52101,58471,154160,493,761,2015,2
109,2015-02,2,C,185,185,333,53202,58471,154160,493,761,2015,2
110,2015-02,1,D,287,283,384,5504,4383,144316,485,613,2015,2
111,2015-02,2,D,291,290,396,5800,4383,144316,485,613,2015,2
112,2015-03,1,A,987,986,2120,61410,63865,330915,1958,4030,2015,3
113,2015-03,2,A,987,987,2251,64700,63865,330915,1958,4030,2015,3
114,2015-03,1,B,723,723,1239,68668,73035,280617,1958,2416,2015,3
115,2015-03,2,B,723,717,1354,71889,73035,280617,1958,2416,2015,3
116,2015-03,1,C,186,183,315,56501,54572,153434,1070,1796,2015,3
117,2015-03,2,C,184,175,345,59999,54572,153434,1070,1796,2015,3
118,2015-03,1,D,289,288,343,5501,4853,144179,622,759,2015,3
119,2015-03,2,D,286,286,385,5610,4853,144179,622,759,2015,3
120,2015-04,1,A,988,970,2340,67749,62721,329163,1866,3618,2015,4
121,2015-04,2,A,987,979,2055,67601,62721,329163,1866,3618,2015,4
122,2015-04,1,B,722,716,1661,76612,71730,280304,1976,2289,2015,4
123,2015-04,2,B,728,708,1525,78001,71730,280304,1976,2289,2015,4
124,2015-04,1,C,188,183,290,64001,55305,153377,972,1029,2015,4
125,2015-04,2,C,194,192,284,53001,55305,153377,972,1029,2015,4
126,2015-04,1,D,286,278,442,6312,5285,144069,653,763,2015,4
127,2015-04,2,D,285,277,376,6801,5285,144069,653,763,2015,4
128,2015-05,1,A,1444,1438,2891,68589,63444,328037,2501,3627,2015,5
129,2015-05,2,A,1434,1431,2351,66590,63444,328037,2501,3627,2015,5
130,2015-05,1,B,934,934,1631,77600,72136,280183,2070,2191,2015,5
131,2015-05,2,B,948,948,1401,75002,72136,280183,2070,2191,2015,5
132,2015-05,1,C,373,370,545,50098,56468,153543,742,576,2015,5
133,2015-05,2,C,370,365,546,52001,56468,153543,742,576,2015,5
134,2015-05,1,D,334,321,462,6512,5922,143874,562,757,2015,5
135,2015-05,2,D,334,298,433,6501,5922,143874,562,757,2015,5
136,2015-06,1,A,1432,1393,1943,66000,66107,328129,3853,3761,2015,6
137,2015-06,2,A,1429,1421,1766,61000,66107,328129,3853,3761,2015,6
138,2015-06,1,B,929,923,1384,75000,74629,280955,3134,2362,2015,6
139,2015-06,2,B,928,926,1144,71509,74629,280955,3134,2362,2015,6
140,2015-06,1,C,371,369,508,50900,55934,153790,876,629,2015,6
141,2015-06,2,C,373,370,481,50502,55934,153790,876,629,2015,6
142,2015-06,1,D,339,336,430,6509,6207,143774,638,738,2015,6
143,2015-06,2,D,363,359,448,6401,6207,143774,638,738,2015,6
144,2015-07,1,A,1466,1464,1891,58700,66255,326108,1777,3798,2015,7
145,2015-07,2,A,1435,1365,1966,55889,66255,326108,1777,3798,2015,7
146,2015-07,1,B,934,933,1225,65501,75621,279963,1390,2382,2015,7
147,2015-07,2,B,930,929,1218,58109,75621,279963,1390,2382,2015,7
148,2015-07,1,C,370,370,476,50001,53418,154026,933,697,2015,7
149,2015-07,2,C,371,371,455,50002,53418,154026,933,697,2015,7
150,2015-07,1,D,330,328,425,6508,6506,143675,636,735,2015,7
151,2015-07,2,D,331,320,486,6312,6506,143675,636,735,2015,7
152,2015-08,1,A,1688,1687,2446,56209,62795,325302,2446,3252,2015,8
153,2015-08,2,A,1756,1756,2597,57498,62795,325302,2446,3252,2015,8
154,2015-08,1,B,1057,1054,1634,60789,70454,280265,2241,1939,2015,8
155,2015-08,2,B,1058,1056,1551,62140,70454,280265,2241,1939,2015,8
156,2015-08,1,C,183,183,263,49302,50584,153793,1978,2211,2015,8
157,2015-08,2,C,182,182,282,46501,50584,153793,1978,2211,2015,8
158,2015-08,1,D,356,356,418,6201,6458,143618,589,646,2015,8
159,2015-08,2,D,366,319,527,6112,6458,143618,589,646,2015,8
160,2015-09,1,A,1688,1688,2553,57089,59216,324357,2811,3756,2015,9
161,2015-09,2,A,1687,1684,2276,55399,59216,324357,2811,3756,2015,9
162,2015-09,1,B,1059,1058,1628,62101,65508,280394,2437,2308,2015,9
163,2015-09,2,B,1058,1041,1371,60001,65508,280394,2437,2308,2015,9
164,2015-09,1,C,182,182,371,46801,49535,153792,1859,1860,2015,9
165,2015-09,2,C,182,172,356,45289,49535,153792,1859,1860,2015,9
166,2015-09,1,D,355,310,473,6512,6341,143550,623,691,2015,9
167,2015-09,2,D,402,402,509,6158,6341,143550,623,691,2015,9
168,2015-10,1,A,1687,1679,2210,56001,56798,323528,3667,4496,2015,10
169,2015-10,2,A,1690,1684,2229,57301,56798,323528,3667,4496,2015,10
170,2015-10,1,B,1057,1044,1373,58190,61441,280293,2428,2529,2015,10
171,2015-10,2,B,1073,1069,1367,59889,61441,280293,2428,2529,2015,10
172,2015-10,1,C,182,181,331,44890,47983,153917,1783,1658,2015,10
173,2015-10,2,C,192,186,340,42303,47983,153917,1783,1658,2015,10
174,2015-10,1,D,400,398,438,6201,6301,143452,676,774,2015,10
175,2015-10,2,D,355,353,430,6302,6301,143452,676,774,2015,10
176,2015-11,1,A,1664,1623,2009,56001,56583,322876,3564,4216,2015,11
177,2015-11,2,A,1662,1650,2140,59200,56583,322876,3564,4216,2015,11
178,2015-11,1,B,1037,1031,1267,57501,60519,280256,2597,2634,2015,11
179,2015-11,2,B,1029,1026,1388,61103,60519,280256,2597,2634,2015,11
180,2015-11,1,C,241,240,372,43809,45848,153977,1499,1439,2015,11
181,2015-11,2,C,247,244,389,45890,45848,153977,1499,1439,2015,11
182,2015-11,1,D,329,301,402,5912,6248,143373,578,657,2015,11
183,2015-11,2,D,329,324,436,6502,6248,143373,578,657,2015,11
184,2015-12,1,A,1698,1696,2132,56989,56832,321972,3676,4580,2015,12
185,2015-12,2,A,1669,1667,1978,54301,56832,321972,3676,4580,2015,12
186,2015-12,1,B,1031,1028,1324,60001,59798,280261,2688,2683,2015,12
187,2015-12,2,B,1027,1025,1200,55001,59798,280261,2688,2683,2015,12
188,2015-12,1,C,241,236,345,48101,44831,154229,1736,1484,2015,12
189,2015-12,2,C,244,243,311,46001,44831,154229,1736,1484,2015,12
190,2015-12,1,D,355,354,414,6501,6265,143343,727,757,2015,12
191,2015-12,2,D,332,332,394,6600,6265,143343,727,757,2015,12
192,2016-01,1,A,1659,1649,2013,45002,56633,321428,3953,4497,2016,1
193,2016-01,2,A,1659,1638,3437,51301,56633,321428,3953,4497,2016,1
194,2016-01,1,B,1027,1019,1262,54920,58615,280312,3111,3060,2016,1
195,2016-01,2,B,1026,1026,1334,50089,58615,280312,3111,3060,2016,1
196,2016-01,1,C,246,245,353,42036,45166,154367,1457,1319,2016,1
197,2016-01,2,C,242,239,387,46502,45166,154367,1457,1319,2016,1
198,2016-01,1,D,328,317,409,6889,6337,143303,667,707,2016,1
199,2016-01,2,D,327,322,415,6512,6337,143303,667,707,2016,1
200,2016-02,1,A,2038,2033,2972,46651,53799,320562,3239,4105,2016,2
201,2016-02,2,A,2049,2025,2965,43000,53799,320562,3239,4105,2016,2
202,2016-02,1,B,1216,1216,1624,38610,56436,280221,2488,2579,2016,2
203,2016-02,2,B,1208,1197,2898,46970,56436,280221,2488,2579,2016,2
204,2016-02,1,C,164,164,229,45036,45390,154374,1013,1006,2016,2
205,2016-02,2,C,165,160,239,45001,45390,154374,1013,1006,2016,2
206,2016-02,1,D,368,368,495,6503,6486,143094,595,804,2016,2
207,2016-02,2,D,362,361,454,6353,6486,143094,595,804,2016,2
208,2016-03,1,A,2033,1957,3518,45000,49541,318749,4124,5937,2016,3
209,2016-03,2,A,2053,2020,3836,45504,49541,318749,4124,5937,2016,3
210,2016-03,1,B,1209,1200,2706,47604,50932,279286,2955,3890,2016,3
211,2016-03,2,B,1220,1218,2491,46502,50932,279286,2955,3890,2016,3
212,2016-03,1,C,162,160,259,48890,45447,154105,1949,2218,2016,3
213,2016-03,2,C,167,166,226,46502,45447,154105,1949,2218,2016,3
214,2016-03,1,D,357,356,430,6503,6560,142758,672,1008,2016,3
215,2016-03,2,D,357,356,429,6589,6560,142758,672,1008,2016,3
216,2016-04,1,A,2105,2103,3719,46009,46077,318171,3997,4575,2016,4
217,2016-04,2,A,2062,2061,3327,47300,46077,318171,3997,4575,2016,4
218,2016-04,1,B,1218,1218,2247,47000,47450,279455,3180,3011,2016,4
219,2016-04,2,B,1211,1136,2364,49602,47450,279455,3180,3011,2016,4
220,2016-04,1,C,164,161,235,44213,45662,153513,1749,2341,2016,4
221,2016-04,2,C,163,162,241,43002,45662,153513,1749,2341,2016,4
222,2016-04,1,D,357,356,455,6503,6559,142792,722,688,2016,4
223,2016-04,2,D,357,341,437,6501,6559,142792,722,688,2016,4
224,2016-05,1,A,2218,2217,3446,47889,45578,318588,4910,4493,2016,5
225,2016-05,2,A,2217,2182,3227,47020,45578,318588,4910,4493,2016,5
226,2016-05,1,B,1462,1454,2435,51010,46048,279793,3295,2957,2016,5
227,2016-05,2,B,1537,1536,2322,49156,46048,279793,3295,2957,2016,5
228,2016-05,1,C,232,232,324,42302,45441,154085,1573,1001,2016,5
229,2016-05,2,C,229,229,355,43002,45441,154085,1573,1001,2016,5
230,2016-05,1,D,399,389,519,6302,6492,142700,689,781,2016,5
231,2016-05,2,D,414,389,500,6303,6492,142700,689,781,2016,5
232,2016-06,1,A,2218,2213,4545,53694,46454,319371,4847,4064,2016,6
233,2016-06,2,A,2252,2197,3957,55200,46454,319371,4847,4064,2016,6
234,2016-06,1,B,1470,1463,3436,56000,48479,280335,3254,2712,2016,6
235,2016-06,2,B,1463,1462,2914,57010,48479,280335,3254,2712,2016,6
236,2016-06,1,C,228,219,347,46434,44652,154314,1463,1234,2016,6
237,2016-06,2,C,228,226,342,48002,44652,154314,1463,1234,2016,6
238,2016-06,1,D,407,395,529,6302,6451,142651,745,794,2016,6
239,2016-06,2,D,422,389,495,6303,6451,142651,745,794,2016,6
240,2016-07,1,A,2222,2212,3194,52301,49519,318986,3859,4244,2016,7
241,2016-07,2,A,2272,2246,3195,53000,49519,318986,3859,4244,2016,7
242,2016-07,1,B,1469,1469,2547,56089,51630,280727,3044,2652,2016,7
243,2016-07,2,B,1463,1463,2439,57508,51630,280727,3044,2652,2016,7
244,2016-07,1,C,237,235,310,47889,44493,154462,1519,1371,2016,7
245,2016-07,2,C,230,225,344,49890,44493,154462,1519,1371,2016,7
246,2016-07,1,D,409,365,525,6012,6369,142671,750,730,2016,7
247,2016-07,2,D,430,424,586,6302,6369,142671,750,730,2016,7
248,2016-08,1,A,2018,1959,2712,52503,51518,319188,4229,4027,2016,8
249,2016-08,2,A,2034,2034,2803,53334,51518,319188,4229,4027,2016,8
250,2016-08,1,B,1336,1300,2156,57903,54463,280950,2889,2666,2016,8
251,2016-08,2,B,1336,1334,2088,56500,54463,280950,2889,2666,2016,8
252,2016-08,1,C,177,177,245,48302,46254,154477,1419,1404,2016,8
253,2016-08,2,C,180,178,236,48001,46254,154477,1419,1404,2016,8
254,2016-08,1,D,403,400,558,6206,6254,142783,824,712,2016,8
255,2016-08,2,D,365,321,541,6352,6254,142783,824,712,2016,8
256,2016-09,1,A,2067,2011,2739,51506,53339,319876,4486,3798,2016,9
257,2016-09,2,A,2008,1993,2610,50000,53339,319876,4486,3798,2016,9
258,2016-09,1,B,1372,1358,2183,57002,56835,281624,3430,2756,2016,9
259,2016-09,2,B,1338,1334,2017,55501,56835,281624,3430,2756,2016,9
260,2016-09,1,C,175,175,260,49801,48087,154305,1330,1502,2016,9
261,2016-09,2,C,177,165,237,49890,48087,154305,1330,1502,2016,9
262,2016-09,1,D,362,334,521,6452,6247,142789,757,751,2016,9
263,2016-09,2,D,403,402,478,6501,6247,142789,757,751,2016,9
264,2016-10,1,A,2064,1979,2938,51507,52108,319648,4247,4475,2016,10
265,2016-10,2,A,2023,2021,2584,50991,52108,319648,4247,4475,2016,10
266,2016-10,1,B,1350,1246,1785,53001,56751,282260,3511,2875,2016,10
267,2016-10,2,B,1340,1329,1768,56410,56751,282260,3511,2875,2016,10
268,2016-10,1,C,176,172,232,48702,48963,154440,1079,944,2016,10
269,2016-10,2,C,188,187,252,45589,48963,154440,1079,944,2016,10
270,2016-10,1,D,387,359,498,6353,6305,142627,580,742,2016,10
271,2016-10,2,D,360,356,430,6354,6305,142627,580,742,2016,10
272,2016-11,1,A,1929,1929,2800,52668,51641,318859,3674,4463,2016,11
273,2016-11,2,A,1846,1846,2536,50951,51641,318859,3674,4463,2016,11
274,2016-11,1,B,1347,1345,2012,56206,56053,282950,3805,3115,2016,11
275,2016-11,2,B,1254,1253,1708,53001,56053,282950,3805,3115,2016,11
276,2016-11,1,C,185,181,283,48001,48381,154527,1215,1128,2016,11
277,2016-11,2,C,182,181,286,49002,48381,154527,1215,1128,2016,11
278,2016-11,1,D,399,396,457,6311,6370,142492,626,761,2016,11
279,2016-11,2,D,375,331,520,6212,6370,142492,626,761,2016,11
280,2016-12,1,A,1844,1812,2335,48000,51271,318081,3735,4513,2016,12
281,2016-12,2,A,1844,1843,2554,49751,51271,318081,3735,4513,2016,12
282,2016-12,1,B,1245,1237,1494,46229,55187,283137,3040,2853,2016,12
283,2016-12,2,B,1244,1242,2052,51109,55187,283137,3040,2853,2016,12
284,2016-12,1,C,185,183,262,51209,48498,154507,1199,1219,2016,12
285,2016-12,2,C,182,176,274,49500,48498,154507,1199,1219,2016,12
286,2016-12,1,D,374,368,436,6113,6364,142514,709,687,2016,12
287,2016-12,2,D,415,408,484,6101,6364,142514,709,687,2016,12
288,2017-01,1,A,1877,1870,2260,50101,50645,317387,3695,4389,2017,1
289,2017-01,2,A,1846,1766,2437,50889,50645,317387,3695,4389,2017,1
290,2017-01,1,B,1252,1243,1835,53106,52660,284056,3835,2916,2017,1
291,2017-01,2,B,1246,1226,1967,52807,52660,284056,3835,2916,2017,1
292,2017-01,1,C,183,180,271,46302,48668,154207,945,1245,2017,1
293,2017-01,2,C,186,173,254,47001,48668,154207,945,1245,2017,1
294,2017-01,1,D,376,374,438,6053,6241,142311,643,846,2017,1
295,2017-01,2,D,377,331,412,6052,6241,142311,643,846,2017,1
296,2017-02,1,A,2060,2051,2691,48401,50394,317446,3647,3588,2017,2
297,2017-02,2,A,2133,2089,2926,49430,50394,317446,3647,3588,2017,2
298,2017-02,1,B,1366,1352,1783,48209,52077,283987,2501,2570,2017,2
299,2017-02,2,B,1377,1377,2126,50621,52077,283987,2501,2570,2017,2
300,2017-02,1,C,164,155,268,48901,48503,153723,1164,1648,2017,2
301,2017-02,2,C,174,171,249,49810,48503,153723,1164,1648,2017,2
302,2017-02,1,D,348,326,534,6412,6141,142361,760,710,2017,2
303,2017-02,2,D,392,384,753,6801,6141,142361,760,710,2017,2
304,2017-03,1,A,2061,2045,3190,50789,49429,317684,4666,4428,2017,3
305,2017-03,2,A,2096,2096,2961,51765,49429,317684,4666,4428,2017,3
306,2017-03,1,B,1371,1368,2298,53300,50347,284807,3927,3107,2017,3
307,2017-03,2,B,1357,1345,2081,54000,50347,284807,3927,3107,2017,3
308,2017-03,1,C,170,170,216,49002,48788,148417,1734,1200,2017,3
309,2017-03,2,C,164,163,251,47036,48788,148417,1734,1200,2017,3
310,2017-03,1,D,368,359,546,7483,6256,142151,813,1023,2017,3
311,2017-03,2,D,355,354,453,8081,6256,142151,813,1023,2017,3
312,2017-04,1,A,2068,2061,2486,52000,50230,317442,3672,3914,2017,4
313,2017-04,2,A,2052,2030,2442,51600,50230,317442,3672,3914,2017,4
314,2017-04,1,B,1360,1360,1970,54405,52008,285336,3114,2585,2017,4
315,2017-04,2,B,1369,1365,2000,54406,52008,285336,3114,2585,2017,4
316,2017-04,1,C,162,162,351,45906,48009,147572,1060,1905,2017,4
317,2017-04,2,C,163,162,509,26501,48009,147572,1060,1905,2017,4
318,2017-04,1,D,355,354,482,7589,6814,141757,575,969,2017,4
319,2017-04,2,D,347,325,512,6712,6814,141757,575,969,2017,4
320,2017-05,1,A,1905,1905,2240,51106,50665,317841,4473,4074,2017,5
321,2017-05,2,A,1920,1913,2601,46489,50665,317841,4473,4074,2017,5
322,2017-05,1,B,1320,1316,1996,55414,52491,286307,3933,2962,2017,5
323,2017-05,2,B,1325,1325,1725,53001,52491,286307,3933,2962,2017,5
324,2017-05,1,C,246,242,2586,26029,44526,148300,1807,1079,2017,5
325,2017-05,2,C,246,242,2492,30600,44526,148300,1807,1079,2017,5
326,2017-05,1,D,455,433,567,6301,7180,141654,775,878,2017,5
327,2017-05,2,D,476,470,602,6101,7180,141654,775,878,2017,5
328,2017-06,1,A,1898,1893,2245,45201,50625,318144,4189,3886,2017,6
329,2017-06,2,A,1906,1898,2302,42801,50625,318144,4189,3886,2017,6
330,2017-06,1,B,1325,1324,1582,50110,54088,287549,4055,2813,2017,6
331,2017-06,2,B,1321,1320,1651,47501,54088,287549,4055,2813,2017,6
332,2017-06,1,C,246,242,2309,38501,37513,149087,1766,979,2017,6
333,2017-06,2,C,246,242,2125,36879,37513,149087,1766,979,2017,6
334,2017-06,1,D,476,455,743,6101,7045,141567,829,916,2017,6
335,2017-06,2,D,459,360,931,6001,7045,141567,829,916,2017,6
336,2017-07,1,A,1904,1902,2296,42801,48200,318056,3674,3762,2017,7
337,2017-07,2,A,1907,1905,2389,44002,48200,318056,3674,3762,2017,7
338,2017-07,1,B,1322,1321,1910,49802,52473,288401,3847,2995,2017,7
339,2017-07,2,B,1322,1314,1784,50001,52473,288401,3847,2995,2017,7
340,2017-07,1,C,246,242,2189,40212,34070,149765,2123,1445,2017,7
341,2017-07,2,C,246,242,1943,42809,34070,149765,2123,1445,2017,7
342,2017-07,1,D,474,377,819,6001,6468,141597,878,848,2017,7
343,2017-07,2,D,552,424,1044,5851,6468,141597,878,848,2017,7
344,2017-08,1,A,1817,1812,2403,46778,45400,318082,3746,3720,2017,8
345,2017-08,2,A,1817,1817,2148,42900,45400,318082,3746,3720,2017,8
346,2017-08,1,B,1286,1281,1978,53711,50972,289426,3970,2945,2017,8
347,2017-08,2,B,1293,1290,1683,51000,50972,289426,3970,2945,2017,8
348,2017-08,1,C,454,445,742,42801,35839,150675,2265,1355,2017,8
349,2017-08,2,C,445,436,836,42004,35839,150675,2265,1355,2017,8
350,2017-08,1,D,574,508,879,5701,6060,141377,824,1044,2017,8
351,2017-08,2,D,605,588,1069,3512,6060,141377,824,1044,2017,8
352,2017-09,1,A,1820,1806,2195,36001,44081,317362,2775,3495,2017,9
353,2017-09,2,A,1815,1815,3469,42902,44081,317362,2775,3495,2017,9
354,2017-09,1,B,1290,1290,1704,49000,50355,289533,3126,3019,2017,9
355,2017-09,2,B,1288,1288,1859,49189,50355,289533,3126,3019,2017,9
356,2017-09,1,C,453,406,695,43002,40535,151269,1601,1007,2017,9
357,2017-09,2,C,453,453,706,46890,40535,151269,1601,1007,2017,9
358,2017-09,1,D,543,535,871,5402,5528,141347,884,914,2017,9
359,2017-09,2,D,494,493,727,5501,5528,141347,884,914,2017,9
360,2017-10,1,A,1829,1827,2808,41761,42564,317224,3416,3554,2017,10
361,2017-10,2,A,1815,1809,2391,41617,42564,317224,3416,3554,2017,10
362,2017-10,1,B,1285,1284,1646,48109,50451,290208,3730,3055,2017,10
363,2017-10,2,B,1285,1277,1718,49996,50451,290208,3730,3055,2017,10
364,2017-10,1,C,492,492,723,48902,42953,151728,1489,1030,2017,10
365,2017-10,2,C,445,443,611,51890,42953,151728,1489,1030,2017,10
366,2017-10,1,D,485,484,721,5010,5328,141163,752,936,2017,10
367,2017-10,2,D,478,449,687,4903,5328,141163,752,936,2017,10
368,2017-11,1,A,1683,1683,3430,47112,41994,317607,3754,3371,2017,11
369,2017-11,2,A,1686,1679,2721,46791,41994,317607,3754,3371,2017,11
370,2017-11,1,B,1376,1375,2515,57414,50168,291182,3913,2939,2017,11
371,2017-11,2,B,1383,1383,2173,57390,50168,291182,3913,2939,2017,11
372,2017-11,1,C,242,200,375,58036,45915,152223,1582,1087,2017,11
373,2017-11,2,C,244,241,356,57701,45915,152223,1582,1087,2017,11
374,2017-11,1,D,509,502,683,5502,5005,141173,794,784,2017,11
375,2017-11,2,D,538,533,708,5992,5005,141173,794,784,2017,11
376,2017-12,1,A,1680,1667,2158,42339,42698,318536,4369,3440,2017,12
377,2017-12,2,A,1687,1654,1970,38200,42698,318536,4369,3440,2017,12
378,2017-12,1,B,1375,1375,1805,53711,51850,293669,5748,3261,2017,12
379,2017-12,2,B,1374,1367,1634,47002,51850,293669,5748,3261,2017,12
380,2017-12,1,C,285,279,454,42000,51071,153583,2225,865,2017,12
381,2017-12,2,C,246,232,482,45112,51071,153583,2225,865,2017,12
382,2017-12,1,D,516,500,791,6552,5385,141368,1113,918,2017,12
383,2017-12,2,D,514,458,743,7501,5385,141368,1113,918,2017,12
384,2018-01,1,A,1693,1693,2264,41400,42970,318282,3524,3778,2018,1
385,2018-01,2,A,1713,1708,1938,36890,42970,318282,3524,3778,2018,1
386,2018-01,1,B,1374,1368,1811,45289,52271,292470,2045,3244,2018,1
387,2018-01,2,B,1381,1380,1654,42661,52271,292470,2045,3244,2018,1
388,2018-01,1,C,249,247,458,40101,50607,153145,522,960,2018,1
389,2018-01,2,C,257,247,399,39000,50607,153145,522,960,2018,1
390,2018-01,1,D,525,413,919,7701,5910,140836,520,1052,2018,1
391,2018-01,2,D,565,500,786,8001,5910,140836,520,1052,2018,1
392,2018-02,1,A,1557,1534,2389,40000,42122,318492,2668,2458,2018,2
393,2018-02,2,A,1562,1561,2073,36810,42122,318492,2668,2458,2018,2
394,2018-02,1,B,1396,1396,1831,42322,50578,292773,2541,2238,2018,2
395,2018-02,2,B,1391,1379,1744,39000,50578,292773,2541,2238,2018,2
396,2018-02,1,C,249,249,486,38303,46992,152883,397,659,2018,2
397,2018-02,2,C,257,256,489,36859,46992,152883,397,659,2018,2
398,2018-02,1,D,624,608,933,8451,6875,140323,394,907,2018,2
399,2018-02,2,D,577,568,1073,7667,6875,140323,394,907,2018,2
